<application>
  <component name="FindSettings">
    <option name="customScope" value="All Places" />
    <option name="defaultScopeName" value="All Places" />
    <option name="SEARCH_SCOPE" value="All Places" />
    <option name="FILE_MASK" value="*.html" />
    <mask>*.properties</mask>
    <mask>*.jsp</mask>
    <mask>*.xml</mask>
    <mask>*.js</mask>
    <mask>*.as</mask>
    <mask>*.css</mask>
    <mask>*.mxml</mask>
    <mask>*EventService.java</mask>
    <mask>*.component.ts</mask>
    <mask>*.component.html</mask>
    <mask>*.model.ts</mask>
    <mask>*.spec.ts</mask>
    <mask>*.ts</mask>
    <mask>*.java</mask>
    <mask>*.html</mask>
  </component>
</application>