<application>
  <component name="UISettings">
    <option name="ALLOW_MERGE_BUTTONS" value="false" />
    <option name="ANIMATE_WINDOWS" value="false" />
    <option name="COLOR_BLINDNESS" value="deuteranopia" />
    <option name="FONT_FACE" value="Cantarell Regular" />
    <option name="HIDE_TOOL_STRIPES" value="true" />
    <option name="SHOW_MEMORY_INDICATOR" value="true" />
    <option name="SHOW_TOOL_WINDOW_NUMBERS" value="false" />
    <option name="USE_SMALL_LABELS_ON_TABS" value="true" />
  </component>
</application>