<keymap version="1" name="Default for XWin copy" parent="Default for XWin">
  <action id="$Redo">
    <keyboard-shortcut first-keystroke="shift ctrl z" />
    <keyboard-shortcut first-keystroke="shift alt back_space" />
    <keyboard-shortcut first-keystroke="ctrl y" />
  </action>
  <action id="$SearchWeb">
    <keyboard-shortcut first-keystroke="shift ctrl g" />
  </action>
  <action id="Editor Redo">
    <keyboard-shortcut first-keystroke="ctrl y" />
  </action>
  <action id="Editor SearchWeb">
    <keyboard-shortcut first-keystroke="shift ctrl g" />
  </action>
  <action id="EditorDeleteLine" />
</keymap>